Ordem;Doca;Bairros;Itinerario;CodigoItinerario;Matricula;Zona
1;04;LAGO AZUL;01;004#7G9!2k5@;20831;
2;05;MONTE DAS OLIVEIRAS;01;004#7G9!2k5@;12067;
3;05;SANTA ETELVINA;01;004#7G9!2k5@;17601;
4;06;COL. TERRA NOVA;02;008&1M3$5v7;16914;
5;07;COL. STO. ANTONIO/NOVO ISRAEL;02;008&1M3$5v7;21440;
6;08;NOVA CIDADE;29;6$2M9&3d0^;17223;
7;09;CIDADE NOVA;03;002*9H6@1t4%;9930;
8;10;CIDADE NOVA;03;002*9H6@1t4%;11187;
9;11;CIDADE DE DEUS;27;9@5K2Q6b8&;15049;
10;14;PARQUE 10;05;3@6L4F9r1&;14593;
11;15;CHAPADA/SÃO GERALDO;05;3@6L4F9r1&;22138;
12;16;FLORES;04;005!8K2#7w0$;17384;
13;17;ALEIXO;06;007$1N8*2q5!;19636;
14;17;ADRIANÓPOLIS/N. SRA DAS GRAÇAS;07;9#3P7&0m6^;12184;
15;18;ALVORADA/DOM PEDRO I;08;1%5R2@8f4*;21477;
16;19;PLANALTO/BAIRRO DA PAZ;09;6!2S9#3d7$;20972;
17;19;REDENÇÃO;09;6!2S9#3d7$;12818;
18;20;TARUMÃ;10;0&4T1Y6g8@;16927;
19;21;PONTA NEGRA;10;0&4T1Y6g8@;21476;
20;21;TARUMÃ-AÇU/ÁREA RURAL;10;0&4T1Y6g8@;11192;
21;22;LÍRIO DO VALE/N. ESPERANÇA/STO.AGOSTINHO;11;8*3U7!2h5#;10292;
22;23;COMPENSA;12;2@9V4$1j6%;8462;
23;24;SÃO JORGE/VILA DA PRATA;13;5#1W8A3k7&;12239;
24;24;STO. ANTONIO/S. RAIMUNDO/GLÓRIA;14;3!6X2@9m0*;17422;
25;25;CENTRO/N. SRA APARECIDA;15;7$4Y1&8p2^;40007830;
26;26;P. VARGA / PRAÇA 14 / CACHOEIRINHA / RAIZ;16;1%3Z9!5q7@;16670;
27;27;PETRÓPOLIS / SÃO FRANCISCO;17;009#2A8$4R6*;17597;
28;28;JAPIIM;18;4@7B1P3s9!;23357;
29;29;M. DA LIBERDADE/COL. OL. MACHADO/SANTA LUZIA/EDUCANDOS;19;6!5C2&8t0#;19937;
30;29;CRESPO/BETANIA/SÃO LÁZARO;20;0$3D7*1u5^;19617;
31;30;MAUAZINHO/ DISTRITO I/ VILA BURITI / DISTRITO II/ COL. ANTONIO ALEIXO/PURAQUEQUARA;21/31;8#1E6@2v9&;20502;
32;31;JORGE TEIXEIRA;26;1!8J4*7a3#;7409;
33;32;JORGE TEIXEIRA;26;1!8J4*7a3#;16938;
34;33;COROADO;23;005@2G8Q3x6%;9960;
35;34;ZUMBI DOS PALMARES/ARMANDO MENDES;22;3!9F4$7w1*;17193;
36;35;TANCREDO NEVES;25;7$3I5&0z2^;10907;
37;36;GILBERTO MESTRINHO;30;3!7N5@2e6#;14626;
38;37;SÃO JOSÉ OPERÁRIO;24;2#6H1!9y4@;13040;
39;38;NOVO ALEIXO;28;0#4L7!1c5*;7975;
40;39;NOVO ALEIXO;28;0#4L7!1c5*;9022;
41;RE;REIMPRESSÕES;RE;8%1O4*9f3&;;
